2017/09/14 16:48:21,+*+*+,Test_PoolMonitor.sh,+*+*+,,+*+*+,
2017/09/14 16:46:13,+*+*+,Test_PTO_add.sh 1 0 0,+*+*+,,+*+*+,
2017/09/14 16:41:50,+*+*+,Test_PoolMonitor.sh,+*+*+,,+*+*+,
2017/09/14 16:41:48,+*+*+,Test_PoolMonitor.sh,+*+*+,,+*+*+,
2017/09/14 16:41:38,+*+*+,Test_PTO_add.sh 1 0 1,+*+*+,,+*+*+,
2017/09/14 15:39:17,+*+*+,Test_PTO_add.sh 1 0 0,+*+*+,,+*+*+,
2017/09/14 15:39:17,+*+*+,Test_PTO_add.sh 1 0 0,+*+*+,,+*+*+,
2017/09/14 15:39:17,+*+*+,Test_PTO_add.sh 1 0 0,+*+*+,,+*+*+,
2017/09/14 15:39:17,+*+*+,Test_PTO_add.sh 1 0 0,+*+*+,,+*+*+,
2017/09/14 15:39:16,+*+*+,Test_PTO_add.sh 1 0 0,+*+*+,,+*+*+,
2017/09/14 15:39:00,+*+*+,Test_PTO_add.sh 1 0 1,+*+*+,,+*+*+,
2017/09/14 15:39:00,+*+*+,Test_PTO_add.sh 1 0 1,+*+*+,,+*+*+,
2017/09/14 15:38:59,+*+*+,Test_PTO_add.sh 1 0 1,+*+*+,,+*+*+,
2017/09/14 15:38:59,+*+*+,Test_PTO_add.sh 1 0 1,+*+*+,,+*+*+,
2017/09/14 15:38:55,+*+*+,Test_PTO_add.sh 1 0 0,+*+*+,,+*+*+,
2017/09/14 15:38:54,+*+*+,Test_PTO_add.sh 1 0 0,+*+*+,,+*+*+,
2017/09/14 15:38:54,+*+*+,Test_PTO_add.sh 1 0 0,+*+*+,,+*+*+,
2017/09/14 15:38:51,+*+*+,Test_PTO_add.sh 1 0 0,+*+*+,,+*+*+,
2017/09/14 15:38:51,+*+*+,Test_PTO_add.sh 1 0 0,+*+*+,,+*+*+,
2017/09/14 15:36:04,+*+*+,Test_PTO_add.sh 1 0 0,+*+*+,,+*+*+,
2017/09/14 15:35:49,+*+*+,Test_PoolMonitor.sh -a,+*+*+,,+*+*+,
2017/09/14 15:34:39,+*+*+,Test_PTO_add.sh 1 0 0,+*+*+,,+*+*+,
